Rank,Player,AST
1.,John Stockton*,15806
2.,Chris Paul,12552
3.,Jason Kidd*,12091
4.,LeBron James,12016
5.,Russell Westbrook,10351
6.,Steve Nash*,10335
7.,Mark Jackson,10334
8.,Magic Johnson*,10141
9.,Oscar Robertson*,9887
10.,Isiah Thomas*,9061
11.,Gary Payton*,8966
12.,James Harden,8873
13.,Andre Miller,8524
14.,Rod Strickland,7987
15.,Rajon Rondo,7584
16.,Maurice Cheeks*,7392
17.,Lenny Wilkens*,7211
18.,Terry Porter,7160
19.,Kyle Lowry,7110
20.,Tim Hardaway*,7095
21.,Tony Parker*,7036
22.,Bob Cousy*,6955
23.,Guy Rodgers*,6917
24.,Deron Williams,6819
25.,Mike Conley,6782
26.,Jrue Holiday,6762
27.,Stephen Curry,6743
28.,Muggsy Bogues,6726
29.,Kevin Johnson,6711
30.,Derek Harper,6577
31.,Tiny Archibald*,6476
32.,Stephon Marbury,6471
33.,John Lucas,6454
34.,Reggie Theus,6453
35.,Norm Nixon,6386
36.,Kobe Bryant*,6306
37.,Jerry West*,6238
38.,Scottie Pippen*,6135
39.,Clyde Drexler*,6125
40.,John Havlicek*,6114
41.,Nikola Jokic,6080
42.,Damian Lillard,6069
43.,Baron Davis,6025
44.,Mookie Blaylock,5972
45.,Sam Cassell,5939
46.,Avery Johnson,5846
47.,Nick Van Exel,5777
48.,John Wall,5735
49.,Dwyane Wade*,5701
50.,Larry Bird*,5695
51.,Kareem Abdul-Jabbar*,5660
52.,Chauncey Billups*,5636
53.,Michael Jordan*,5633
54.,Allen Iverson*,5624
55.,Mike Bibby,5517
56.,Dennis Johnson*,5499
57.,Kevin Garnett*,5445
58.,Jason Terry,5415
59.,Dave Bing*,5397
60.,Damon Stoudamire,5371
61.,Draymond Green,5324
62.,Kevin Porter,5314
63.,Jeff Hornacek,5281
64.,Kevin Durant,5280
65.,Karl Malone*,5248
66.,Rickey Green,5221
67.,Norm Van Lier,5217
68.,Kenny Anderson,5196
69.,DeMar DeRozan,5185
70.,Sleepy Floyd,5175
71.,Ricky Rubio,5160
72.,José Calderón,5148
73.,Andre Iguodala,5147
74.,Raymond Felton,5096
75.,Walt Frazier*,5040
76.,Joe Johnson,5001
77.,Nate McMillan,4893
78.,Doc Rivers,4889
79.,Trae Young,4868
80.,Mark Price,4863
81.,Gail Goodrich*,4805
82.,Vince Carter*,4714
83.,Brad Davis,4709
84.,Paul Pierce*,4708
85.,Fat Lever,4696
86.,Wilt Chamberlain*,4643
87.,Joe Dumars*,4612
88.,Jason Williams,4611
89.,Gus Williams,4597
90.,Jeff Teague,4585
91.,Jamal Crawford,4541
92.,Hal Greer*,4540
93.,Sherman Douglas,4536
94.,Jameer Nelson,4508
95.,Randy Smith,4487
96.,Giannis Antetokounmpo,4484
97.,Brevin Knight,4481
98.,Dennis Schröder,4438
99.,Terrell Brandon,4407
100.,Goran Dragic,4405
101.,Calvin Murphy*,4402
102.,Kyrie Irving,4364
103.,Ray Allen*,4361
104.,Alex English*,4351
105.,Spud Webb,4342
106.,Jay Humphries,4339
107.,Vern Fleming,4293
108.,Grant Hill*,4252
109.,Kirk Hinrich,4245
,Eric Snow,4245
111.,Luka Doncic,4230
112.,Tim Duncan*,4225
113.,Charles Barkley*,4215
114.,Richie Guerin*,4211
115.,Michael Adams,4209
116.,Dick McGuire*,4205
117.,Danny Ainge,4199
118.,Rory Sparrow,4192
119.,Pooh Richardson,4180
120.,Tracy McGrady*,4161
121.,David Wesley,4159
122.,Reggie Miller*,4141
123.,Bill Russell*,4100
124.,Jo Jo White*,4095
125.,Kenny Smith,4073
126.,Rick Barry*,4017
127.,Alvan Adams,4012
128.,Manu Ginóbili*,4001
129.,Mo Williams,3990
130.,John Bagley,3980
131.,Jimmy Butler,3957
132.,Jarrett Jack,3952
133.,Kemba Walker,3938
134.,Alvin Robertson,3929
135.,Pau Gasol*,3925
136.,Brian Shaw,3918
137.,Ron Harper,3916
138.,Devin Booker,3908
139.,Michael Ray Richardson,3899
140.,Scott Skiles,3881
141.,Walter Davis*,3878
142.,Earl Watson,3871
143.,Devin Harris,3869
144.,Johnny Moore,3866
145.,Monta Ellis,3856
146.,Detlef Schrempf,3833
147.,T.J. McConnell,3829
148.,Wes Unseld*,3822
149.,Derek Fisher,3804
150.,Lou Williams,3789
151.,Ray Williams,3779
152.,Derrick Rose,3770
153.,D.J. Augustin,3761
154.,Andy Phillip*,3759
155.,Sam Lacey,3754
156.,Al Horford,3745
157.,Paul Pressey,3715
158.,Luke Ridnour,3713
159.,De'Aaron Fox,3707
160.,Larry Drew,3702
161.,D'Angelo Russell,3690
162.,Boris Diaw,3684
163.,Michael Cooper*,3666
164.,Latrell Sprewell,3664
165.,Dirk Nowitzki*,3651
166.,Elgin Baylor*,3650
167.,Sedale Threatt,3613
168.,Nicolas Batum,3612
169.,Reggie Jackson,3606
170.,Earl Monroe*,3594
171.,Paul Westphal*,3591
172.,Pete Maravich*,3563
173.,Walt Hazzard,3555
174.,Lamar Odom,3554
175.,Eric Bledsoe,3545
,Darren Collison,3545
177.,Vlade Divac*,3541
178.,Jalen Rose,3527
179.,Chris Webber*,3526
180.,Anfernee Hardaway,3525
,Ricky Sobers,3525
182.,Paul George,3502
183.,Archie Clark,3498
184.,Jack Sikma*,3488
185.,Steve Francis,3473
186.,Chris Mullin*,3450
187.,Steve Blake,3446
188.,Bradley Beal,3442
189.,Eddie Johnson,3436
190.,Carmelo Anthony*,3422
191.,Mitch Richmond*,3398
192.,Darrell Armstrong,3394
193.,Johnny Davis,3368
194.,Mike Newlin,3364
195.,Allen Leavell,3339
196.,Jamaal Tinsley,3330
197.,World B. Free,3319
198.,Ty Lawson,3316
199.,Bimbo Coles,3313
200.,CJ McCollum,3298
201.,John Johnson,3285
202.,Darrell Walker,3276
203.,J.J. Barea,3270
204.,Michael Finley,3245
205.,Khris Middleton,3242
206.,Domantas Sabonis,3240
,Jerry Stackhouse,3240
208.,Julius Erving*,3224
209.,Charles Oakley,3217
210.,Larry Costello*,3215
211.,Vinnie Johnson,3212
212.,Rafer Alston,3202
213.,Tyus Jones,3181
214.,Lucius Allen,3174
215.,Antoine Walker,3170
216.,Fred Brown,3160
,Slater Martin*,3160
218.,Spencer Dinwiddie,3153
219.,Brandon Jennings,3151
220.,Gerald Henderson,3141
221.,Tom Henderson,3136
222.,Richard Hamilton,3125
223.,Fred VanVleet,3121
224.,Toni Kukoc*,3119
225.,Quinn Buckner,3114
226.,Foots Walker,3111
227.,Julius Randle,3108
228.,Clifford Robinson,3094
229.,John Starks,3085
230.,Phil Ford,3083
231.,Marcus Smart,3080
,Darnell Valentine,3080
233.,Dolph Schayes*,3072
234.,Dick Van Arsdale,3060
235.,Hakeem Olajuwon*,3058
236.,Blake Griffin,3055
237.,Jamal Murray,3044
,Ish Smith,3044
239.,Elfrid Payton,3034
240.,Shaquille O'Neal*,3026
241.,Nikola Vucevic,3025
242.,Jeff Mullins,3023
243.,Gary Grant,3013
244.,Bob Lanier*,3007
245.,Lionel Hollins,3006
246.,Greg Anthony,2997
,Johnny Dawkins,2997
248.,Marc Gasol,2996
249.,Doug Christie,2992
250.,Rolando Blackman,2981


"Provided by <a href=""https://www.sports-reference.com/sharing.html?utm_source=direct&utm_medium=Share&utm_campaign=ShareTool"">Basketball-Reference.com</a>: <a href=""https://www.basketball-reference.com/leaders/ast_career.html?sr&utm_source=direct&utm_medium=Share&utm_campaign=ShareTool#nba"">View Original Table</a><br>Generated 6/4/2026."
