Rank,Player,PTS
1.,LeBron James,43440
2.,Kareem Abdul-Jabbar*,38387
3.,Karl Malone*,36928
4.,Kobe Bryant*,33643
5.,Kevin Durant,32597
6.,Michael Jordan*,32292
7.,Dirk Nowitzki*,31560
8.,Wilt Chamberlain*,31419
9.,James Harden,29339
10.,Shaquille O'Neal*,28596
11.,Carmelo Anthony*,28289
12.,Moses Malone*,27409
13.,Elvin Hayes*,27313
14.,Russell Westbrook,27176
15.,Hakeem Olajuwon*,26946
16.,DeMar DeRozan,26711
17.,Oscar Robertson*,26710
18.,Dominique Wilkins*,26668
19.,Stephen Curry,26528
20.,Tim Duncan*,26496
21.,Paul Pierce*,26397
22.,John Havlicek*,26395
23.,Kevin Garnett*,26071
24.,Vince Carter*,25728
25.,Alex English*,25613
26.,Reggie Miller*,25279
27.,Jerry West*,25192
28.,Patrick Ewing*,24815
29.,Ray Allen*,24505
30.,Allen Iverson*,24368
31.,Charles Barkley*,23757
32.,Robert Parish*,23334
33.,Adrian Dantley*,23177
34.,Dwyane Wade*,23165
35.,Elgin Baylor*,23149
36.,Chris Paul,23058
37.,Damian Lillard,22598
38.,Clyde Drexler*,22195
39.,Gary Payton*,21813
40.,Larry Bird*,21791
41.,Hal Greer*,21586
42.,Giannis Antetokounmpo,21531
43.,Walt Bellamy*,20941
44.,Pau Gasol*,20894
45.,Bob Pettit*,20880
46.,David Robinson*,20790
47.,George Gervin*,20708
48.,LaMarcus Aldridge,20558
49.,Mitch Richmond*,20497
50.,Joe Johnson,20407
51.,Tom Chambers,20049
52.,Antawn Jamison,20042
53.,John Stockton*,19711
54.,Bernard King*,19655
55.,Clifford Robinson,19591
56.,Walter Davis*,19521
57.,Dwight Howard*,19485
58.,Tony Parker*,19473
59.,Terry Cummings,19460
60.,Jamal Crawford,19419
61.,Anthony Davis,19385
62.,Paul George,19338
63.,Bob Lanier*,19248
64.,Eddie Johnson,19202
65.,Gail Goodrich*,19181
66.,Reggie Theus,19015
67.,Dale Ellis,19004
68.,Scottie Pippen*,18940
69.,Jason Terry,18881
70.,Chet Walker*,18831
71.,Isiah Thomas*,18822
72.,Bob McAdoo*,18787
73.,Zach Randolph,18578
74.,Mark Aguirre,18458
75.,Dolph Schayes*,18438
76.,Kyrie Irving,18433
77.,Rick Barry*,18395
78.,Tracy McGrady*,18381
79.,Julius Erving*,18364
80.,Glen Rice,18336
81.,Dave Bing*,18327
82.,Brook Lopez,18151
83.,Devin Booker,18120
84.,Nikola Jokic,18009
85.,World B. Free,17955
86.,Calvin Murphy*,17949
87.,Lou Hudson*,17940
88.,Chris Mullin*,17911
89.,Lenny Wilkens*,17772
90.,Bailey Howell*,17770
91.,Magic Johnson*,17707
92.,Shawn Marion,17700
93.,Nikola Vucevic,17684
94.,Rudy Gay,17642
95.,Rolando Blackman,17623
96.,Otis Thorpe,17600
97.,Jason Kidd*,17529
98.,Earl Monroe*,17454
99.,Steve Nash*,17387
100.,Klay Thompson,17346
101.,Kevin McHale*,17335
102.,Bradley Beal,17306
,Michael Finley,17306
104.,Jrue Holiday,17287
,Jack Sikma*,17287
106.,Kevin Willis,17253
107.,Jeff Malone,17231
108.,Chris Bosh*,17189
109.,Chris Webber*,17182
110.,Grant Hill*,17137
111.,Bob Cousy*,16960
112.,CJ McCollum,16838
113.,Elton Brand,16827
114.,Buck Williams,16784
115.,Mike Conley,16715
116.,Latrell Sprewell,16712
117.,Jimmy Butler,16658
118.,Kawhi Leonard,16546
119.,Tiny Archibald*,16481
120.,Tobias Harris,16440
121.,Jerry Stackhouse,16409
122.,Joe Dumars*,16401
123.,Karl-Anthony Towns,16384
124.,Kyle Lowry,16373
125.,James Worthy*,16320
126.,Stephon Marbury,16297
127.,Andre Miller,16278
128.,Paul Arizin*,16266
129.,Randy Smith,16262
130.,Juwan Howard,16159
131.,Derek Harper,16006
,Rasheed Wallace,16006
133.,Amar'e Stoudemire,15994
134.,Kiki Vandeweghe,15980
135.,Pete Maravich*,15948
136.,Jack Twyman*,15840
137.,Chauncey Billups*,15802
138.,Detlef Schrempf,15761
139.,Richard Hamilton,15708
140.,Larry Nance,15687
141.,Kevin Love,15669
142.,Jeff Hornacek,15659
143.,Antoine Walker,15647
144.,Sam Cassell,15635
145.,Lou Williams,15593
146.,Terry Porter,15586
147.,Walt Frazier*,15581
148.,Artis Gilmore*,15579
,Rashard Lewis,15579
150.,Dennis Johnson*,15535
151.,Bob Dandridge*,15530
152.,Sam Jones*,15411
153.,Tim Hardaway*,15373
154.,Dick Barnett*,15358
155.,Shawn Kemp,15347
156.,Sam Perkins,15324
157.,John Drew,15291
158.,Donovan Mitchell,15272
159.,Andrew Wiggins,15214
160.,Julius Randle,15184
161.,Byron Scott,15097
162.,Dick Van Arsdale,15079
163.,Al Horford,15077
164.,Shareef Abdur-Rahim,15028
165.,Luka Doncic,15021
166.,Mike Mitchell,15016
167.,Richard Jefferson,14904
168.,James Edwards,14862
169.,Monta Ellis,14858
170.,Mike Bibby,14698
171.,Richie Guerin*,14676
172.,Dan Issel*,14659
173.,Jason Richardson,14644
,Jamaal Wilkes*,14644
175.,Purvis Short,14607
176.,Spencer Haywood*,14592
177.,Harrison Barnes,14572
178.,Allan Houston,14551
179.,Paul Millsap,14536
180.,Bill Russell*,14522
181.,Blake Griffin,14513
182.,Kemba Walker,14486
183.,Jeff Green,14480
184.,Hersey Hawkins,14470
185.,Ricky Pierce,14467
186.,Rod Strickland,14463
187.,Nate Thurmond*,14437
188.,Jo Jo White*,14399
189.,Al Jefferson,14343
190.,Zach LaVine,14338
191.,Alonzo Mourning*,14311
192.,Glenn Robinson,14234
193.,Tom Van Arsdale,14232
194.,Thaddeus Young,14225
195.,Eric Gordon,14167
196.,Eddie Jones,14155
197.,Jayson Tatum,14132
198.,Gus Williams,14093
199.,Dave DeBusschere*,14053
,Jerry Lucas*,14053
201.,Manu Ginóbili*,14043
202.,David West,14034
203.,Fred Brown,14018
204.,Carlos Boozer,13976
205.,Andre Iguodala,13968
206.,Alvan Adams,13910
,Ron Harper,13910
208.,Bob Love,13895
209.,Marques Johnson,13892
210.,Chuck Person,13858
211.,Deron Williams,13804
212.,Bill Laimbeer,13790
213.,Peja Stojakovic,13647
214.,Billy Cunningham*,13626
215.,Orlando Woolridge,13623
216.,Xavier McDaniel,13606
217.,Joel Embiid,13544
218.,Khris Middleton,13541
219.,Dave Cowens*,13516
220.,Jaylen Brown,13474
221.,Baron Davis,13447
,Cliff Hagan*,13447
223.,Steve Smith,13430
224.,Shai Gilgeous-Alexander,13411
225.,Vlade Divac*,13398
226.,Rudy Tomjanovich*,13383
227.,Luol Deng,13361
228.,Jermaine O'Neal,13309
229.,Al Harrington,13237
230.,Jalen Rose,13220
231.,Corey Maggette,13198
232.,Kevin Johnson,13127
233.,Metta World Peace,13058
234.,Jeff Mullins,13017
235.,Horace Grant,12996
,Josh Smith,12996
237.,Stephen Jackson,12976
238.,Bob Boozer,12964
239.,Kendall Gill,12914
240.,Derrick Coleman,12884
241.,Wayman Tisdale,12878
242.,Rik Smits,12871
243.,Jonas Valanciunas,12846
244.,Pascal Siakam,12810
,Mychal Thompson,12810
246.,Paul Westphal*,12809
247.,Sidney Wicks,12803
248.,DeMarcus Cousins,12802
249.,Lamar Odom,12781
250.,Mickey Johnson,12748


"Provided by <a href=""https://www.sports-reference.com/sharing.html?utm_source=direct&utm_medium=Share&utm_campaign=ShareTool"">Basketball-Reference.com</a>: <a href=""https://www.basketball-reference.com/leaders/pts_career.html?sr&utm_source=direct&utm_medium=Share&utm_campaign=ShareTool#nba"">View Original Table</a><br>Generated 6/4/2026."
