Rank,Player,TOV
1.,LeBron James,5650
2.,Russell Westbrook,5038
3.,Karl Malone*,4524
4.,James Harden,4505
5.,John Stockton*,4244
6.,Kobe Bryant*,4010
7.,Jason Kidd*,4003
8.,Moses Malone*,3804
9.,Kevin Durant,3800
10.,Isiah Thomas*,3682
11.,Hakeem Olajuwon*,3667
12.,Patrick Ewing*,3537
13.,Paul Pierce*,3532
14.,Magic Johnson*,3506
15.,Reggie Theus,3493
16.,Steve Nash*,3478
17.,Tim Duncan*,3381
18.,Charles Barkley*,3376
19.,Dwyane Wade*,3326
20.,Shaquille O'Neal*,3310
21.,Stephen Curry,3308
22.,Dwight Howard*,3302
23.,Allen Iverson*,3262
24.,Scottie Pippen*,3257
25.,Robert Parish*,3183
26.,Kevin Garnett*,3179
27.,Mark Jackson,3155
28.,Andre Miller,3121
29.,Chris Paul,3109
30.,Carmelo Anthony*,3052
31.,Gary Payton*,3030
32.,Clyde Drexler*,2977
33.,Michael Jordan*,2924
34.,Tony Parker*,2865
35.,Rod Strickland,2862
36.,Alex English*,2821
37.,Jrue Holiday,2819
38.,Larry Bird*,2816
39.,Bernard King*,2791
40.,Charles Oakley,2785
41.,Buck Williams,2784
42.,Otis Thorpe,2774
43.,Shawn Kemp,2766
44.,Ray Allen*,2709
45.,Giannis Antetokounmpo,2701
46.,Dominique Wilkins*,2669
47.,Terry Porter,2666
48.,Jerry Stackhouse,2641
49.,Pau Gasol*,2638
50.,Kyle Lowry,2632
51.,Vince Carter*,2590
52.,Rajon Rondo,2586
,Jack Sikma*,2586
54.,Mitch Richmond*,2579
55.,Tom Chambers,2549
56.,Stephon Marbury,2547
57.,Walter Davis*,2541
,Damian Lillard,2541
59.,Kareem Abdul-Jabbar*,2527
60.,Kevin Willis,2520
61.,Antoine Walker,2504
62.,Adrian Dantley*,2503
63.,Clifford Robinson,2502
64.,Dirk Nowitzki*,2494
65.,Paul George,2487
66.,Tim Hardaway*,2481
67.,Jamal Crawford,2476
68.,DeMar DeRozan,2475
69.,Vlade Divac*,2470
70.,Juwan Howard,2469
71.,Grant Hill*,2459
72.,Joe Johnson,2451
73.,Latrell Sprewell,2450
74.,Dennis Johnson*,2448
75.,Nikola Jokic,2419
76.,Sam Cassell,2418
77.,David Robinson*,2417
78.,Jason Terry,2415
79.,John Wall,2412
80.,Reggie Miller*,2409
81.,Deron Williams,2402
82.,Norm Nixon,2368
83.,Artis Gilmore*,2347
84.,Derek Harper,2334
85.,Julius Erving*,2323
86.,Chris Mullin*,2315
87.,Chris Webber*,2313
88.,Baron Davis,2308
89.,Mark Aguirre,2306
90.,Zach Randolph,2290
91.,Maurice Cheeks*,2268
,Detlef Schrempf,2268
93.,Kevin Johnson,2258
94.,Lamar Odom,2253
95.,Sleepy Floyd,2251
,Ron Harper,2251
97.,Monta Ellis,2246
98.,Rudy Gay,2245
99.,Andre Iguodala,2240
100.,Devin Booker,2236
101.,Mike Conley,2214
102.,Julius Randle,2211
103.,Alonzo Mourning*,2209
104.,Draymond Green,2208
105.,Terry Cummings,2200
106.,Josh Smith,2197
107.,Alvan Adams,2194
108.,Jim Jackson,2179
109.,Dikembe Mutombo*,2173
110.,DeMarcus Cousins,2149
111.,Glenn Robinson,2147
112.,Stephen Jackson,2141
113.,Chauncey Billups*,2138
114.,George Gervin*,2137
115.,Shareef Abdur-Rahim,2136
116.,Mike Bibby,2134
117.,Manu Ginóbili*,2116
,Alvin Robertson,2116
119.,Mychal Thompson,2104
120.,Jalen Rose,2102
121.,Ray Williams,2099
122.,Trae Young,2090
123.,Joe Dumars*,2084
124.,Eddie Johnson,2076
125.,Mookie Blaylock,2067
126.,Goran Dragic,2064
127.,Elton Brand,2060
128.,Mickey Johnson,2050
129.,Damon Stoudamire,2039
130.,Derrick Coleman,2036
131.,Luka Doncic,2032
132.,Steve Francis,2030
133.,Tracy McGrady*,2029
134.,Dennis Schröder,2010
135.,Raymond Felton,2008
136.,Richard Hamilton,1977
137.,Ricky Sobers,1973
138.,Jeff Hornacek,1971
139.,Joe Barry Carroll,1964
140.,Amar'e Stoudemire,1953
141.,Chuck Person,1952
142.,Bradley Beal,1947
143.,Kyrie Irving,1943
144.,Christian Laettner,1932
,Karl-Anthony Towns,1932
146.,James Edwards,1931
147.,Herb Williams,1929
148.,Rony Seikaly,1913
149.,Boris Diaw,1897
150.,Lou Williams,1896
151.,Kevin McHale*,1893
152.,Bill Cartwright,1892
153.,Eric Bledsoe,1888
154.,Xavier McDaniel,1887
155.,Corey Maggette,1874
156.,Jermaine O'Neal,1872
157.,World B. Free,1869
158.,James Worthy*,1859
159.,Michael Ray Richardson,1854
160.,Danny Manning,1853
161.,Nick Van Exel,1850
162.,Mo Williams,1849
163.,Benoit Benjamin,1847
164.,Cedric Maxwell,1841
165.,Al Harrington,1838
166.,Jameer Nelson,1831
167.,Rolando Blackman,1829
,Paul Millsap,1829
169.,Hersey Hawkins,1828
170.,Carlos Boozer,1824
171.,Brook Lopez,1812
172.,Maurice Lucas,1810
173.,David Wesley,1808
174.,Chris Bosh*,1807
175.,Dan Roundfield,1806
176.,John Lucas,1803
,Jeff Teague,1803
178.,Zach LaVine,1799
179.,Vern Fleming,1795
180.,Metta World Peace,1791
181.,Mark Price,1790
182.,Anfernee Hardaway,1786
183.,Dale Ellis,1771
184.,Kenny Anderson,1769
185.,Richard Jefferson,1768
,Ricky Rubio,1768
187.,Sherman Douglas,1761
188.,Allan Houston,1760
189.,Vin Baker,1756
190.,Marc Gasol,1755
,Nikola Vucevic,1755
192.,Shawn Marion,1750
193.,Avery Johnson,1748
194.,Orlando Woolridge,1747
195.,Derrick Rose,1746
196.,Gilbert Arenas,1744
197.,Tom Gugliotta,1735
198.,Kendall Gill,1734
199.,Glen Rice,1733
200.,Blake Griffin,1732
201.,Khris Middleton,1724
202.,Jarrett Jack,1723
203.,Armen Gilliam,1722
204.,Doug Christie,1721
205.,Purvis Short,1720
206.,Eddie Johnson,1717
207.,Antawn Jamison,1714
,Steve Smith,1714
209.,Derrick McKey,1713
,Domantas Sabonis,1713
211.,Larry Nance,1711
212.,Kevin Love,1709
213.,Nicolas Batum,1703
214.,Paul Pressey,1700
215.,Kelly Tripucka,1697
216.,D'Angelo Russell,1695
217.,Rasheed Wallace,1693
218.,Nenê,1688
219.,Gerald Wilkins,1687
220.,Andre Drummond,1683
221.,Devin Harris,1682
222.,Eric Gordon,1679
223.,Brian Shaw,1664
224.,Vernon Maxwell,1663
225.,David West,1660
226.,Tyson Chandler,1656
,Joel Embiid,1656
,Johnny Newman,1656
229.,Doc Rivers,1651
230.,Kenny Smith,1649
231.,LaSalle Thompson,1646
,Gus Williams,1646
233.,Donovan Mitchell,1645
234.,LaMarcus Aldridge,1643
,Jason Williams,1643
236.,Thaddeus Young,1641
237.,Darrell Griffith,1632
238.,Rodney Rogers,1631
239.,Michael Finley,1629
240.,Grant Long,1628
241.,Marques Johnson,1627
242.,Antonio McDyess,1623
,Spud Webb,1623
244.,Darryl Dawkins,1621
245.,Kirk Hinrich,1617
246.,Anthony Davis,1614
247.,De'Aaron Fox,1613
248.,Rick Fox,1611
,Al Horford,1611
250.,Ricky Davis,1606


"Provided by <a href=""https://www.sports-reference.com/sharing.html?utm_source=direct&utm_medium=Share&utm_campaign=ShareTool"">Basketball-Reference.com</a>: <a href=""https://www.basketball-reference.com/leaders/tov_career.html?sr&utm_source=direct&utm_medium=Share&utm_campaign=ShareTool#nba"">View Original Table</a><br>Generated 6/4/2026."
